,Area Name,Total Gen MW,Num Gens,Bus Numbers
Johnsonville,TN,3288.5699999999997,5,"1, 116, 117, 118, 119"
Sequoyah,TN,3275.7200000000003,5,"130, 131, 132, 133, 134"
Lagoon Creek,TN,1999.81,5,"124, 125, 126, 127, 128"
Kingston,TN,1899.06,4,"120, 121, 122, 123"
Gallatin (TN),TN,1302.63,3,"110, 111, 112"
John Sevier,TN,827.8,3,"113, 114, 115"
Pickwick Landing Dam,TN,184.73,1,129
Tims Ford,TN,24.53,1,135
